DISTRICT_CODE,DISTRICT_NAME,DR_CODE,MANDAL_CODE,MANDAL_NAME
15,ALLURI SITHARAMA RAJU,03_3,06,ANANTHAGIRI
15,ALLURI SITHARAMA RAJU,03_3,01,ARAKU VALLEY
15,ALLURI SITHARAMA RAJU,03_3,09,CHINTAPALLE
15,ALLURI SITHARAMA RAJU,03_3,03,DUMBRIGUDA
15,ALLURI SITHARAMA RAJU,03_3,08,GANGARAJU MADUGULA
15,ALLURI SITHARAMA RAJU,03_3,10,GUDEM KOTHAVEEDHI
15,ALLURI SITHARAMA RAJU,03_3,05,HUKUMPETA
15,ALLURI SITHARAMA RAJU,03_3,11,KOYYURU
15,ALLURI SITHARAMA RAJU,03_3,04,MUNCHINGIPUTTU
15,ALLURI SITHARAMA RAJU,03_3,07,PADERU
15,ALLURI SITHARAMA RAJU,03_3,02,PEDABAYALU
15,ALLURI SITHARAMA RAJU,03_3,22,VARARAMACHANDRAPURAM
16,ANAKAPALLI,03_1,03,ANAKAPALLI
16,ANAKAPALLI,03_1,08,ATCHUTAPURAM
16,ANAKAPALLI,03_1,09,BUTCHAYYAPETA
16,ANAKAPALLI,03_1,24,CHEEDIKADA
16,ANAKAPALLI,03_1,10,CHODAVARAM
16,ANAKAPALLI,03_1,01,DEVARAPALLE
16,ANAKAPALLI,03_1,14,GOLUGONDA
16,ANAKAPALLI,03_1,02,K KOTAPADU
16,ANAKAPALLI,03_1,04,KASIMKOTA
16,ANAKAPALLI,03_1,19,KOTAURATLA
16,ANAKAPALLI,03_1,23,MADUGULA
16,ANAKAPALLI,03_1,15,MAKAVARAPALEM
16,ANAKAPALLI,03_1,07,MUNAGAPAKA
16,ANAKAPALLI,03_1,17,NAKKAPALLI
16,ANAKAPALLI,03_1,13,NARSIPATNAM
16,ANAKAPALLI,03_1,16,NATHAVARAM
16,ANAKAPALLI,03_1,11,PARAVADA
16,ANAKAPALLI,03_1,18,PAYAKARAOPETA
16,ANAKAPALLI,03_1,06,RAMBILLI
16,ANAKAPALLI,03_1,21,RAVIKAMATHAM
16,ANAKAPALLI,03_1,22,ROLUGUNTA
16,ANAKAPALLI,03_1,20,S RAYAVARAM
16,ANAKAPALLI,03_1,12,SABBAVARAM
16,ANAKAPALLI,03_1,05,YELAMANCHILI
21,BAPATLA,07_3,15,ADDANKI
21,BAPATLA,07_3,05,AMRUTHALUR
21,BAPATLA,07_3,18,BALLIKURUVA
21,BAPATLA,07_3,10,BAPATLA
21,BAPATLA,07_3,04,BHATTIPROLU
21,BAPATLA,07_3,09,CHERUKUPALLE
21,BAPATLA,07_3,24,CHINAGANJAM
21,BAPATLA,07_3,13,CHIRALA
21,BAPATLA,07_3,23,INKOLLU
21,BAPATLA,07_3,16,JANAKAVARAMPANGULURU
21,BAPATLA,07_3,22,KARAMCHEDU
21,BAPATLA,07_3,12,KARLAPALEM
21,BAPATLA,07_3,02,KOLLUR
21,BAPATLA,07_3,19,KORISAPADU
21,BAPATLA,07_3,25,MARTUR
21,BAPATLA,07_3,08,NAGARAM
21,BAPATLA,07_3,07,NIZAMPATNAM
21,BAPATLA,07_3,20,PARCHUR
21,BAPATLA,07_3,11,PITTALAVANIPALEM
21,BAPATLA,07_3,06,REPALLE
21,BAPATLA,07_3,17,SANTHAMAGULURU
21,BAPATLA,07_3,03,TSUNDUR
21,BAPATLA,07_3,01,VEMURU
21,BAPATLA,07_3,14,VETAPALEM
21,BAPATLA,07_3,21,YEDDANAPUDI
12,ANANTAPUR,12_1,25,ANANTAPUR
12,ANANTAPUR,12_1,67,ANANTAPUR (U)
12,ANANTAPUR,12_1,24,ATMAKUR
12,ANANTAPUR,12_1,16,BELUGUPPA
12,ANANTAPUR,12_1,02,BOMMANAHAL
12,ANANTAPUR,12_1,20,BRAHMASAMUDRAM
12,ANANTAPUR,12_1,26,BUKKARAYASAMUDRAM
12,ANANTAPUR,12_1,01,D.HIRCHAL
12,ANANTAPUR,12_1,13,GARLADINNE
12,ANANTAPUR,12_1,06,GOOTY
12,ANANTAPUR,12_1,19,GUMMAGATTA
12,ANANTAPUR,12_1,05,GUNTAKAL
12,ANANTAPUR,12_1,23,KALYANDURG
12,ANANTAPUR,12_1,34,KAMBADUR
12,ANANTAPUR,12_1,17,KANEKAL
12,ANANTAPUR,12_1,14,KUDAIR
12,ANANTAPUR,12_1,22,KUNDURPI
12,ANANTAPUR,12_1,27,NARPALA
12,ANANTAPUR,12_1,12,PAMIDI
12,ANANTAPUR,12_1,10,PEDDAPAPPUR
12,ANANTAPUR,12_1,07,PEDDAVADUGUR
12,ANANTAPUR,12_1,28,PUTLUR
12,ANANTAPUR,12_1,32,RAPTADU
12,ANANTAPUR,12_1,18,RAYADURG
12,ANANTAPUR,12_1,21,SETTUR
12,ANANTAPUR,12_1,11,SINGANAMALA
12,ANANTAPUR,12_1,09,TADPATRI
12,ANANTAPUR,12_1,15,URAVAKONDA
12,ANANTAPUR,12_1,04,VAJRAKARUR
12,ANANTAPUR,12_1,03,VIDAPANAKAL
12,ANANTAPUR,12_1,08,YADIKI
12,ANANTAPUR,12_1,29,YELLANUR
08,PRAKASAM,08_2,29,CHIMAKURTHI
08,PRAKASAM,08_2,13,DARSI
08,PRAKASAM,08_2,05,DONAKONDA
08,PRAKASAM,08_2,42,KONDAPI
08,PRAKASAM,08_2,47,KOTHAPATNAM
08,PRAKASAM,08_2,04,KURICHEDU
08,PRAKASAM,08_2,28,MADDIPADU
08,PRAKASAM,08_2,30,MARRIPUDI
08,PRAKASAM,08_2,14,MUNDLAMURU
08,PRAKASAM,08_2,45,NAGULUPPALAPADU
08,PRAKASAM,08_2,44,ONGOLE
08,PRAKASAM,08_2,57,ONGOLE (Rural)
08,PRAKASAM,08_2,41,PONNALURU
08,PRAKASAM,08_2,43,SANTHANUTHLAPADU
08,PRAKASAM,08_2,56,SINGARAYAKONDA
08,PRAKASAM,08_2,48,TANGUTUR
08,PRAKASAM,08_2,15,THALLUR
08,PRAKASAM,08_2,49,ZARUGUMILLI
19,ELURU,05_2,24,AGIRIPALLE
19,ELURU,05_2,06,BHIMADOLE
19,ELURU,05_2,15,BUTTAYAGUDEM
19,ELURU,05_2,25,CHATRAI
19,ELURU,05_2,27,CHINTALAPUDI
19,ELURU,05_2,02,DENDULURU
19,ELURU,05_2,22,DWARAKA TIRUMALA
19,ELURU,05_2,01,ELURU
19,ELURU,05_2,29,ELURU (URBAN)
19,ELURU,05_2,08,GANAPAVARAM
19,ELURU,05_2,13,JANGAREDDIGUDEM
19,ELURU,05_2,16,JEELUGUMILLI
19,ELURU,05_2,09,KAIKALUR
19,ELURU,05_2,11,KALIDINDI
19,ELURU,05_2,20,KAMAVARAPUKOTA
19,ELURU,05_2,17,KOYYALAGUDEM
19,ELURU,05_2,18,KUKUNOOR
19,ELURU,05_2,28,LINGAPALEM
19,ELURU,05_2,10,MANDAVALLI
19,ELURU,05_2,12,MUDINEPALLI
19,ELURU,05_2,26,MUSUNURU
19,ELURU,05_2,07,NIDAMARRU
19,ELURU,05_2,23,NUZVID
19,ELURU,05_2,04,PEDAPADU
19,ELURU,05_2,03,PEDAVEGI
19,ELURU,05_2,14,POLAVARAM
19,ELURU,05_2,21,T NARASAPURAM
19,ELURU,05_2,05,UNGUTURU
19,ELURU,05_2,19,VELAIRPADU
10,CHITTOOR,10_1,61,BAIREDDI PALLE
10,CHITTOOR,10_1,57,BANGARUPALEM
10,CHITTOOR,10_1,54,CHITTOOR
10,CHITTOOR,10_1,67,CHITTOOR URBAN
10,CHITTOOR,10_1,38,CHOWDEPALLE
10,CHITTOOR,10_1,49,GANGADHARA NELLORE
10,CHITTOOR,10_1,65,GUDI PALLE
10,CHITTOOR,10_1,55,GUDIPALA
10,CHITTOOR,10_1,52,IRALA
10,CHITTOOR,10_1,46,KARVETINAGAR
10,CHITTOOR,10_1,66,KUPPAM
10,CHITTOOR,10_1,45,NAGARI
10,CHITTOOR,10_1,22,NINDRA
10,CHITTOOR,10_1,58,PALAMANER
10,CHITTOOR,10_1,48,PALASAMUDRAM
10,CHITTOOR,10_1,60,PEDDA PANJANI
10,CHITTOOR,10_1,50,PENUMURU
10,CHITTOOR,10_1,41,PULICHERLA
10,CHITTOOR,10_1,37,PUNGANUR
10,CHITTOOR,10_1,51,PUTHALAPATTU
10,CHITTOOR,10_1,63,RAMA KUPPAM
10,CHITTOOR,10_1,30,ROMPICHERLA
10,CHITTOOR,10_1,64,SANTHI PURAM
10,CHITTOOR,10_1,40,SODAM
10,CHITTOOR,10_1,39,SOMALA
10,CHITTOOR,10_1,47,SRIRANGARAJAPURAM
10,CHITTOOR,10_1,53,THAVANAMPALLE
10,CHITTOOR,10_1,43,VEDURU KUPPAM
10,CHITTOOR,10_1,62,VENKATAGIRI KOTA
10,CHITTOOR,10_1,21,VIJAYA PURAM
10,CHITTOOR,10_1,56,YADAMARI
27,POLAVARAM,05_3,04,ADDATEEGALA
27,POLAVARAM,05_3,09,CHINTUR
27,POLAVARAM,05_3,02,DEVIPATNAM
27,POLAVARAM,05_3,05,GANGAVARAM
27,POLAVARAM,05_3,10,KUNAVARAM
27,POLAVARAM,05_3,06,MAREDUMILLI
27,POLAVARAM,05_3,07,RAJAVOMMANGI
27,POLAVARAM,05_3,01,RAMPACHODAVARAM
27,POLAVARAM,05_3,11,VARARAMACHANDRAPURAM
27,POLAVARAM,05_3,03,Y RAMAVARAM
27,POLAVARAM,05_3,08,Yetapaka
18,KONASEEMA,04_3,13,AINAVILLI
18,KONASEEMA,04_3,22,ALAMURU
18,KONASEEMA,04_3,06,ALLAVARAM
18,KONASEEMA,04_3,04,AMALAPURAM
18,KONASEEMA,04_3,12,AMBAJIPETA
18,KONASEEMA,04_3,19,ATREYAPURAM
18,KONASEEMA,04_3,02,I POLAVARAM
18,KONASEEMA,04_3,15,K.GANGAVARAM
18,KONASEEMA,04_3,18,KAPILESWARAPURAM
18,KONASEEMA,04_3,03,KATRENIKONA
18,KONASEEMA,04_3,21,KOTHAPETA
18,KONASEEMA,04_3,08,MALIKIPURAM
18,KONASEEMA,04_3,10,MAMIDIKUDURU
18,KONASEEMA,04_3,16,MANDAPETA
18,KONASEEMA,04_3,01,MUMMIDIVARAM
18,KONASEEMA,04_3,11,P GANNAVARAM
18,KONASEEMA,04_3,14,RAMACHANDRAPURAM
18,KONASEEMA,04_3,20,RAVULAPALEM
18,KONASEEMA,04_3,17,RAYAVARAM
18,KONASEEMA,04_3,07,RAZOLE
18,KONASEEMA,04_3,09,SAKHINETIPALLE
18,KONASEEMA,04_3,05,UPPALAGUPTAM
20,NTR,06_2,12,A KONDURU
20,NTR,06_2,03,CHANDARLAPADU
20,NTR,06_2,19,G KONDURU
20,NTR,06_2,11,GAMPALAGUDEM
20,NTR,06_2,13,IBRAHIMPATNAM
20,NTR,06_2,05,JAGGAYYAPETA
20,NTR,06_2,02,KANCHIKA CHERLA
20,NTR,06_2,20,MYLAVARAM
20,NTR,06_2,01,NANDIGAMA
20,NTR,06_2,07,PENUGANCHIPROLU
20,NTR,06_2,08,REDDIGUDEM
20,NTR,06_2,09,TIRUVURU
20,NTR,06_2,06,VATSAVAI
20,NTR,06_2,04,VEERULLAPADU
20,NTR,06_2,16,VIJAYAWADA CENTRAL
20,NTR,06_2,18,VIJAYAWADA EAST
20,NTR,06_2,17,VIJAYAWADA NORTH
20,NTR,06_2,14,VIJAYAWADA RURAL
20,NTR,06_2,15,VIJAYAWADA WEST
20,NTR,06_2,10,VISSANNAPET
04,EAST GODAVARI,04_2,33,ANAPARTHI
04,EAST GODAVARI,04_2,34,BICCAVOLU
04,EAST GODAVARI,04_2,02,CHAGALLU
04,EAST GODAVARI,04_2,07,DEVARAPALLE
04,EAST GODAVARI,04_2,17,GOKAVARAM
04,EAST GODAVARI,04_2,08,GOPALAPURAM
04,EAST GODAVARI,04_2,31,KADIAM
04,EAST GODAVARI,04_2,16,KORUKONDA
04,EAST GODAVARI,04_2,01,KOVVUR
04,EAST GODAVARI,04_2,09,NALLAJERLA
04,EAST GODAVARI,04_2,04,NIDADAVOLE
04,EAST GODAVARI,04_2,06,PERAVALI
04,EAST GODAVARI,04_2,29,RAJAMAHENDRAVARAM RURAL
04,EAST GODAVARI,04_2,30,RAJAMAHENDRAVARAM URBAN
04,EAST GODAVARI,04_2,28,RAJANAGARAM
04,EAST GODAVARI,04_2,26,RANGAMPETA
04,EAST GODAVARI,04_2,15,SEETHANAGARAM
04,EAST GODAVARI,04_2,03,THALLAPUDI
04,EAST GODAVARI,04_2,05,UNDRAJAVARAM
28,MARKAPURAM,08_1,06,ARDHAVEEDU
28,MARKAPURAM,08_1,02,BESTAVARIPETA
28,MARKAPURAM,08_1,20,CHADRASEKARAPURAM
28,MARKAPURAM,08_1,05,CUMBUM
28,MARKAPURAM,08_1,12,DORNALA
28,MARKAPURAM,08_1,01,GIDDALURU
28,MARKAPURAM,08_1,16,HANUMANTHUNIPADU
28,MARKAPURAM,08_1,18,KANIGIRI
28,MARKAPURAM,08_1,04,KOMAROLU
28,MARKAPURAM,08_1,15,KONAKANAMITLA
28,MARKAPURAM,08_1,07,MARKAPUR
28,MARKAPURAM,08_1,21,PAMUR
28,MARKAPURAM,08_1,13,PEDAARAVEEDU
28,MARKAPURAM,08_1,19,PEDACHERLOPALLE
28,MARKAPURAM,08_1,14,PODILI
28,MARKAPURAM,08_1,10,PULLALACHERUVU
28,MARKAPURAM,08_1,03,RACHERLA
28,MARKAPURAM,08_1,08,TARLAPADU
28,MARKAPURAM,08_1,11,TRIPURANTHAKAM
28,MARKAPURAM,08_1,17,VELIGANDLA
28,MARKAPURAM,08_1,09,YERRAGONDAPALEM
25,SRI SATHYA SAI,12_2,26,AGALI
25,SRI SATHYA SAI,12_2,14,AMADAGUR
25,SRI SATHYA SAI,12_2,25,AMARAPURAM
25,SRI SATHYA SAI,12_2,02,BATHALAPALLE
25,SRI SATHYA SAI,12_2,27,BUKKAPATNAM
25,SRI SATHYA SAI,12_2,07,CHENNE KOTHAPALLE
25,SRI SATHYA SAI,12_2,19,CHILAMATHUR
25,SRI SATHYA SAI,12_2,01,DHARMAVARAM
25,SRI SATHYA SAI,12_2,11,GANDLAPENTA
25,SRI SATHYA SAI,12_2,32,GORANTLA
25,SRI SATHYA SAI,12_2,23,GUDIBANDA
25,SRI SATHYA SAI,12_2,18,HINDUPUR
25,SRI SATHYA SAI,12_2,08,KADIRI
25,SRI SATHYA SAI,12_2,06,KANAGANAPALLE
25,SRI SATHYA SAI,12_2,28,KOTHACHERUVU
25,SRI SATHYA SAI,12_2,22,LEPAKSHI
25,SRI SATHYA SAI,12_2,20,MADAKASIRA
25,SRI SATHYA SAI,12_2,04,MUDIGUBBA
25,SRI SATHYA SAI,12_2,12,NALLACHERUVU
25,SRI SATHYA SAI,12_2,30,NALLAMADA
25,SRI SATHYA SAI,12_2,10,NAMBULIPULIKUNTA
25,SRI SATHYA SAI,12_2,31,OBULADEVARACHERUVU
25,SRI SATHYA SAI,12_2,21,PARIGI
25,SRI SATHYA SAI,12_2,15,PENUKONDA
25,SRI SATHYA SAI,12_2,29,PUTTAPARTHI
25,SRI SATHYA SAI,12_2,05,RAMAGIRI
25,SRI SATHYA SAI,12_2,17,RODDAM
25,SRI SATHYA SAI,12_2,24,ROLLA
25,SRI SATHYA SAI,12_2,16,SOMANDEPALLE
25,SRI SATHYA SAI,12_2,03,TADIMARRI
25,SRI SATHYA SAI,12_2,09,TALUPULA
25,SRI SATHYA SAI,12_2,13,TANAKAL
22,PALNADU,07_2,23,ACHAMPETA
22,PALNADU,07_2,25,AMARAVATHI
22,PALNADU,07_2,27,BELLAMKONDA
22,PALNADU,07_2,10,BOLLAPALLE
22,PALNADU,07_2,11,CHILAKALURIPET
22,PALNADU,07_2,02,DACHEPALLE
22,PALNADU,07_2,07,DURGI
22,PALNADU,07_2,13,EDLAPADU
22,PALNADU,07_2,01,GURAZALA
22,PALNADU,07_2,19,IPURU
22,PALNADU,07_2,09,KAREMPUDI
22,PALNADU,07_2,24,KROSURU
22,PALNADU,07_2,04,MACHAVARAM
22,PALNADU,07_2,05,MACHERLA
22,PALNADU,07_2,22,MUPPALLA
22,PALNADU,07_2,12,NADENDLA
22,PALNADU,07_2,28,NAKARIKALLU
22,PALNADU,07_2,14,NARASARAOPETA
22,PALNADU,07_2,17,NUZENDLA
22,PALNADU,07_2,26,PEDAKURAPADU
22,PALNADU,07_2,03,PIDUGURALLA
22,PALNADU,07_2,21,RAJUPALEM
22,PALNADU,07_2,08,RENTACHINTALA
22,PALNADU,07_2,15,ROMPICHERLA
22,PALNADU,07_2,20,SATTENAPALLE
22,PALNADU,07_2,18,SAVALYAPURAM
22,PALNADU,07_2,06,VELDURTHI
22,PALNADU,07_2,16,VINUKONDA
07,GUNTUR,07_1,34,CHEBROLE
07,GUNTUR,07_1,28,DUGGIRALA
07,GUNTUR,07_1,59,Guntur East
07,GUNTUR,07_1,58,Guntur West
07,GUNTUR,07_1,47,KAKUMANU
07,GUNTUR,07_1,29,KOLLIPARA
07,GUNTUR,07_1,12,MANGALAGIRI
07,GUNTUR,07_1,25,MEDIKONDURU
07,GUNTUR,07_1,27,PEDAKAKANI
07,GUNTUR,07_1,46,PEDANANDIPADU
07,GUNTUR,07_1,24,PHIRANGIPURAM
07,GUNTUR,07_1,48,PONNUR
07,GUNTUR,07_1,36,PRATHIPADU
07,GUNTUR,07_1,13,TADIKONDA
07,GUNTUR,07_1,32,TENALI
07,GUNTUR,07_1,11,THADEPALLE
07,GUNTUR,07_1,10,THULLUR
07,GUNTUR,07_1,35,VATTICHERUKURU
17,KAKINADA,04_1,13,GANDEPALLE
17,KAKINADA,04_1,03,GOLLAPROLU
17,KAKINADA,04_1,12,JAGGAMPETA
17,KAKINADA,04_1,10,KAJULURU
17,KAKINADA,04_1,06,KAKINADA (RURAL)
17,KAKINADA,04_1,07,KAKINADA (URBAN)
17,KAKINADA,04_1,05,KARAPA
17,KAKINADA,04_1,14,KIRLAMPUDI
17,KAKINADA,04_1,16,KOTANANDURU
17,KAKINADA,04_1,04,KOTHAPALLI
17,KAKINADA,04_1,08,PEDAPUDI
17,KAKINADA,04_1,11,PEDDAPURAM
17,KAKINADA,04_1,02,PITHAPURAM
17,KAKINADA,04_1,17,PRATHIPADU
17,KAKINADA,04_1,20,Rowthulapudi
17,KAKINADA,04_1,01,SAMALKOTA
17,KAKINADA,04_1,18,SANKHAVARAM
17,KAKINADA,04_1,09,THALLAREVU
17,KAKINADA,04_1,21,THONDANGI
17,KAKINADA,04_1,15,TUNI
17,KAKINADA,04_1,19,YELESWARAM
06,KRISHNA,06_1,34,AVANIGADDA
06,KRISHNA,06_1,45,BANTUMILLI
06,KRISHNA,06_1,26,BAPULAPADU
06,KRISHNA,06_1,32,CHALLAPALLI
06,KRISHNA,06_1,21,GANNAVARAM
06,KRISHNA,06_1,31,GHANTASALA
06,KRISHNA,06_1,42,GUDIVADA
06,KRISHNA,06_1,43,GUDLAVALLERU
06,KRISHNA,06_1,38,GUDUR
06,KRISHNA,06_1,20,KANKIPADU
06,KRISHNA,06_1,36,KODURU
06,KRISHNA,06_1,50,KRUTHIVENNU
06,KRISHNA,06_1,37,MACHILIPATNAM
06,KRISHNA,06_1,55,MACHILIPATNAM (SOUTH)
06,KRISHNA,06_1,33,MOPIDEVI
06,KRISHNA,06_1,30,MOVVA
06,KRISHNA,06_1,35,NAGAYALANKA
06,KRISHNA,06_1,41,NANDIVADA
06,KRISHNA,06_1,39,PAMARRU
06,KRISHNA,06_1,29,PAMIDIMUKKALA
06,KRISHNA,06_1,44,PEDANA
06,KRISHNA,06_1,40,PEDAPARUPUDI
06,KRISHNA,06_1,18,PENAMALURU
06,KRISHNA,06_1,19,THOTLAVALLURU
06,KRISHNA,06_1,27,UNGUTURU
06,KRISHNA,06_1,28,VUYYURU
13,KURNOOL,13_1,23,ADONI
13,KURNOOL,13_1,25,ALUR
13,KURNOOL,13_1,26,ASPARI
13,KURNOOL,13_1,05,C.BELAGAL
13,KURNOOL,13_1,53,CHIPPAGIRI
13,KURNOOL,13_1,27,DEVANAKONDA
13,KURNOOL,13_1,20,GONEGANDLA
13,KURNOOL,13_1,06,GUDUR
13,KURNOOL,13_1,38,GUDUR
13,KURNOOL,13_1,54,HALAHARVI
13,KURNOOL,13_1,24,HOLAGUNDA
13,KURNOOL,13_1,18,KALLUR
13,KURNOOL,13_1,19,KODUMUR
13,KURNOOL,13_1,02,KOSIGI
13,KURNOOL,13_1,01,KOWTHALAM
13,KURNOOL,13_1,28,KRISHNAGIRI
13,KURNOOL,13_1,07,KURNOOL Rural
13,KURNOOL,13_1,55,KURNOOL Urban
13,KURNOOL,13_1,52,MADDIKERA EAST
13,KURNOOL,13_1,03,MANTRALAYAM
13,KURNOOL,13_1,04,NANDAVARAM
13,KURNOOL,13_1,17,ORVAKAL
13,KURNOOL,13_1,51,PATTIKANDA
13,KURNOOL,13_1,22,PEDDA KADUBUR
13,KURNOOL,13_1,50,TUGGALI
13,KURNOOL,13_1,29,VELDURTHI
13,KURNOOL,13_1,21,YEMMIGANUR
02,VIZIANAGARAM,02_1,14,BADANGI
02,VIZIANAGARAM,02_1,26,BHOGHAPURAM
02,VIZIANAGARAM,02_1,10,BOBBILI
02,VIZIANAGARAM,02_1,20,BONDAPALLE
02,VIZIANAGARAM,02_1,23,CHEEPURUPALLE
02,VIZIANAGARAM,02_1,17,DATTIRAJERU
02,VIZIANAGARAM,02_1,27,DENKADA
02,VIZIANAGARAM,02_1,19,GAJAPATHINAGARAM
02,VIZIANAGARAM,02_1,29,GANTYADA
02,VIZIANAGARAM,02_1,22,GARIVIDI
02,VIZIANAGARAM,02_1,21,GURLA
02,VIZIANAGARAM,02_1,33,JAMI
02,VIZIANAGARAM,02_1,34,KOTHAVALASA
02,VIZIANAGARAM,02_1,32,LAKKAVARAPUKOTA
02,VIZIANAGARAM,02_1,18,MENTADA
02,VIZIANAGARAM,02_1,16,MERAKAMUDIDAM
02,VIZIANAGARAM,02_1,24,NELLIMARLA
02,VIZIANAGARAM,02_1,25,PUSAPATIREGA
02,VIZIANAGARAM,02_1,04,RAJAM
02,VIZIANAGARAM,02_1,13,RAMABHADRAPURAM
02,VIZIANAGARAM,02_1,02,REGIDIAMADALAVALASA
02,VIZIANAGARAM,02_1,03,SANTHAKAVITI
02,VIZIANAGARAM,02_1,30,SRUNGAVARAPUKOTA
02,VIZIANAGARAM,02_1,15,THERLAM
02,VIZIANAGARAM,02_1,01,VANGARA
02,VIZIANAGARAM,02_1,31,VEPADA
02,VIZIANAGARAM,02_1,28,VIZIANAGARAM
03,VISAKHAPATNAM,03_2,25,ANANDAPURAM
03,VISAKHAPATNAM,03_2,27,BHEEMUNIPATNAM
03,VISAKHAPATNAM,03_2,30,GAJUWAKA
03,VISAKHAPATNAM,03_2,46,Gopalapatnam
03,VISAKHAPATNAM,03_2,45,Maharanipeta
03,VISAKHAPATNAM,03_2,47,Mulagada
03,VISAKHAPATNAM,03_2,26,PADMANABHAM
03,VISAKHAPATNAM,03_2,31,PEDAGANTYADA
03,VISAKHAPATNAM,03_2,24,PENDURTHI
03,VISAKHAPATNAM,03_2,44,Seethammadhara
03,VISAKHAPATNAM,03_2,28,VISAKHAPATNAM
14,PARVATIPURAM MANYAM,02_2,10,BALAJIPETA
14,PARVATIPURAM MANYAM,02_2,06,BHAMINI
14,PARVATIPURAM MANYAM,02_2,15,GARUGUBILLI
14,PARVATIPURAM MANYAM,02_2,02,GUMMALAKSHMIPURAM
14,PARVATIPURAM MANYAM,02_2,01,JIYYAMMA VALASA
14,PARVATIPURAM MANYAM,02_2,14,KOMARADA
14,PARVATIPURAM MANYAM,02_2,03,KURUPAM
14,PARVATIPURAM MANYAM,02_2,13,MAKKUVA
14,PARVATIPURAM MANYAM,02_2,12,PACHIPENTA
14,PARVATIPURAM MANYAM,02_2,04,PALAKONDA
14,PARVATIPURAM MANYAM,02_2,08,PARVATHIPURAM
14,PARVATIPURAM MANYAM,02_2,11,SALUR
14,PARVATIPURAM MANYAM,02_2,05,SEETHAMPETA
14,PARVATIPURAM MANYAM,02_2,09,SEETHANAGARAM
14,PARVATIPURAM MANYAM,02_2,07,VEERAGHATTAM
09,SPSR NELLORE,09_2,15,ALLUR
09,SPSR NELLORE,09_2,21,ANANTHASAGARAM
09,SPSR NELLORE,09_2,13,ANUMASAMUDRAMPETA
09,SPSR NELLORE,09_2,12,ATMAKUR
09,SPSR NELLORE,09_2,06,BOGOLE
09,SPSR NELLORE,09_2,18,BUTCHIREDDIPALEM
09,SPSR NELLORE,09_2,20,CHEJERLA
09,SPSR NELLORE,09_2,14,DAGADARTHI
09,SPSR NELLORE,09_2,09,DUTTALUR
09,SPSR NELLORE,09_2,34,GUDLURU
09,SPSR NELLORE,09_2,27,INDUKURPET
09,SPSR NELLORE,09_2,04,JALADANKI
09,SPSR NELLORE,09_2,07,KALIGIRI
09,SPSR NELLORE,09_2,22,KALUVOYA
09,SPSR NELLORE,09_2,02,KANDUKUR
09,SPSR NELLORE,09_2,05,KAVALI
09,SPSR NELLORE,09_2,17,KODAVALUR
09,SPSR NELLORE,09_2,37,KONDAPURAM
09,SPSR NELLORE,09_2,26,KOVUR
09,SPSR NELLORE,09_2,03,LINGASAMUDRAM
09,SPSR NELLORE,09_2,31,MANUBOLU
09,SPSR NELLORE,09_2,11,MARRIPADU
09,SPSR NELLORE,09_2,29,MUTHUKUR
09,SPSR NELLORE,09_2,25,NELLORE
09,SPSR NELLORE,09_2,47,NELLORE (Urban)
09,SPSR NELLORE,09_2,24,PODLAKUR
09,SPSR NELLORE,09_2,23,RAPUR
09,SPSR NELLORE,09_2,19,SANGAM
09,SPSR NELLORE,09_2,01,SEETHARAMAPURAM
09,SPSR NELLORE,09_2,33,SYDAPURAM
09,SPSR NELLORE,09_2,28,THOTAPALLIGUDUR
09,SPSR NELLORE,09_2,10,UDAYAGIRI
09,SPSR NELLORE,09_2,35,ULAVAPADU
09,SPSR NELLORE,09_2,38,VARIKUNTAPADU
09,SPSR NELLORE,09_2,30,VENKATACHALAM
09,SPSR NELLORE,09_2,16,VIDAVALUR
09,SPSR NELLORE,09_2,08,VINJAMUR
09,SPSR NELLORE,09_2,36,VOLETIVARIPALEM
24,ANNAMAYYA,11_2,09,B KOTHAKOTA
24,ANNAMAYYA,11_2,23,CHINNAMANDEM
24,ANNAMAYYA,11_2,14,CHITVEL
24,ANNAMAYYA,11_2,24,GALIVEEDU
24,ANNAMAYYA,11_2,28,GURRAMKONDA
24,ANNAMAYYA,11_2,29,KALAKADA
24,ANNAMAYYA,11_2,10,KALIKIRI
24,ANNAMAYYA,11_2,30,KAMBHAMVARIPALLE
24,ANNAMAYYA,11_2,12,KODUR
24,ANNAMAYYA,11_2,07,KURABALAKOTA
24,ANNAMAYYA,11_2,25,LAKKIREDDIPALLE
24,ANNAMAYYA,11_2,01,MADANAPALLE
24,ANNAMAYYA,11_2,05,MULAKALACHERUVU
24,ANNAMAYYA,11_2,18,NANDALUR
24,ANNAMAYYA,11_2,02,NIMMANAPALLE
24,ANNAMAYYA,11_2,16,OBULAVARIPALLE
24,ANNAMAYYA,11_2,06,PEDDAMANDYAM
24,ANNAMAYYA,11_2,08,PEDDATHIPPASAMUDRAM
24,ANNAMAYYA,11_2,13,PENAGALURU
24,ANNAMAYYA,11_2,27,PILERU
24,ANNAMAYYA,11_2,15,PULLAMPETA
24,ANNAMAYYA,11_2,17,RAJAMPET
24,ANNAMAYYA,11_2,26,RAMAPURAM
24,ANNAMAYYA,11_2,03,RAMASAMUDRAM
24,ANNAMAYYA,11_2,21,RAYACHOTI
24,ANNAMAYYA,11_2,22,SAMBEPALLE
24,ANNAMAYYA,11_2,20,T SUNDUPALLE
24,ANNAMAYYA,11_2,04,THAMBALLAPALLE
24,ANNAMAYYA,11_2,11,VAYALPAD(Valmikipuram)
24,ANNAMAYYA,11_2,19,VEERABALLE
05,WEST GODAVARI,05_1,41,ACHANTA
05,WEST GODAVARI,05_1,34,AKIVEEDU
05,WEST GODAVARI,05_1,32,ATTILI
05,WEST GODAVARI,05_1,36,BHEEMAVARAM
05,WEST GODAVARI,05_1,49,GANAPAVARAM
05,WEST GODAVARI,05_1,31,IRAGAVARAM
05,WEST GODAVARI,05_1,35,KALLA
05,WEST GODAVARI,05_1,46,MOGALTHUR
05,WEST GODAVARI,05_1,45,NARASAPURAM
05,WEST GODAVARI,05_1,43,PALACOLE
05,WEST GODAVARI,05_1,37,PALAKODERU
05,WEST GODAVARI,05_1,27,PENTAPADU
05,WEST GODAVARI,05_1,40,PENUGONDA
05,WEST GODAVARI,05_1,39,PENUMANTRA
05,WEST GODAVARI,05_1,42,PODURU
05,WEST GODAVARI,05_1,18,TADEPALLIGUDEM
05,WEST GODAVARI,05_1,28,TANUKU
05,WEST GODAVARI,05_1,33,UNDI
05,WEST GODAVARI,05_1,38,VEERAVASARAM
05,WEST GODAVARI,05_1,44,YELAMANCHILI
26,NANDYAL,13_2,24,ALLAGADDA
26,NANDYAL,13_2,01,ATMAKUR
26,NANDYAL,13_2,10,BANAGANAPALLE
26,NANDYAL,13_2,09,BANDI ATMAKUR
26,NANDYAL,13_2,14,BETHAMCHERLA
26,NANDYAL,13_2,21,CHAGALAMARRI
26,NANDYAL,13_2,13,DHONE
26,NANDYAL,13_2,19,DORNIPADU
26,NANDYAL,13_2,26,GADIVEMULA
26,NANDYAL,13_2,17,GOSPADU
26,NANDYAL,13_2,05,JUPADU BUNGALOW
26,NANDYAL,13_2,12,KOILKUNTLA
26,NANDYAL,13_2,28,KOLIMIGUNDLA
26,NANDYAL,13_2,06,KOTHAPALLE
26,NANDYAL,13_2,23,MAHANANDI
26,NANDYAL,13_2,08,MIDTHUR
26,NANDYAL,13_2,03,NANDI KOTKUR
26,NANDYAL,13_2,16,NANDYAL
26,NANDYAL,13_2,29,NANDYAL (URBAN)
26,NANDYAL,13_2,11,OWK
26,NANDYAL,13_2,04,PAGIDYALA
26,NANDYAL,13_2,07,PAMULAPADU
26,NANDYAL,13_2,25,PANYAM
26,NANDYAL,13_2,15,PEAPALLY
26,NANDYAL,13_2,22,RUDRAVARAM
26,NANDYAL,13_2,27,SANJAMALA
26,NANDYAL,13_2,18,SIRVEL
26,NANDYAL,13_2,20,UYYALAWADA
26,NANDYAL,13_2,02,VELGODU
23,TIRUPATI,10_2,06,BALAYAPALLE
23,TIRUPATI,10_2,23,BUCHINAIDU KHANDRIGA
23,TIRUPATI,10_2,28,CHANDRAGIRI
23,TIRUPATI,10_2,02,CHILLAKUR
23,TIRUPATI,10_2,34,CHINNAGOTTIGALLU
23,TIRUPATI,10_2,05,CHITTAMUR
23,TIRUPATI,10_2,08,DAKKILI
23,TIRUPATI,10_2,20,DORAVARISATRAM
23,TIRUPATI,10_2,01,GUDUR
23,TIRUPATI,10_2,13,K V P PURAM
23,TIRUPATI,10_2,03,KOTA
23,TIRUPATI,10_2,14,NAGALAPURAM
23,TIRUPATI,10_2,18,NAIDUPETA
23,TIRUPATI,10_2,16,NARAYANAVANAM
23,TIRUPATI,10_2,17,OJILI
23,TIRUPATI,10_2,29,PAKALA
23,TIRUPATI,10_2,19,PELLAKUR
23,TIRUPATI,10_2,15,PICHATUR
23,TIRUPATI,10_2,32,PUTTUR
23,TIRUPATI,10_2,30,RAMACHANDRAPURAM
23,TIRUPATI,10_2,11,RENIGUNTA
23,TIRUPATI,10_2,25,SATYAVEDU
23,TIRUPATI,10_2,09,SRIKALAHASTI
23,TIRUPATI,10_2,21,SULLURPETA
23,TIRUPATI,10_2,22,TADA
23,TIRUPATI,10_2,10,THOTTAMBEDU
23,TIRUPATI,10_2,27,TIRUPATI RURAL
23,TIRUPATI,10_2,26,Tirupati Urban
23,TIRUPATI,10_2,31,VADAMALAPETA
23,TIRUPATI,10_2,04,VAKADU
23,TIRUPATI,10_2,24,VARADAIAHPALEM
23,TIRUPATI,10_2,07,VENKATAGIRI
23,TIRUPATI,10_2,12,YERPEDU
23,TIRUPATI,10_2,33,YERRAVARIPALEM
11,YSR KADAPA,11_1,28,ATLUR
11,YSR KADAPA,11_1,08,B KODUR
11,YSR KADAPA,11_1,11,BADVEL
11,YSR KADAPA,11_1,07,BRAHMAMGARIMATTAM
11,YSR KADAPA,11_1,35,CHAKRAYAPET
11,YSR KADAPA,11_1,14,CHAPAD
11,YSR KADAPA,11_1,27,CHENNUR
11,YSR KADAPA,11_1,32,CHINTHA KOMMADINNE
11,YSR KADAPA,11_1,31,CUDDAPAH
11,YSR KADAPA,11_1,05,DUVVUR
11,YSR KADAPA,11_1,12,GOPAVARAM
11,YSR KADAPA,11_1,16,JAMMALAMADUGU
11,YSR KADAPA,11_1,09,KALASAPADU
11,YSR KADAPA,11_1,25,KAMALAPURAM
11,YSR KADAPA,11_1,13,KHAJIPET
11,YSR KADAPA,11_1,01,KONDAPURAM
11,YSR KADAPA,11_1,19,LINGALA
11,YSR KADAPA,11_1,17,MUDDANUR
11,YSR KADAPA,11_1,02,MYLAVARAM
11,YSR KADAPA,11_1,03,PEDDAMUDIUM
11,YSR KADAPA,11_1,33,PENDLIMARRI
11,YSR KADAPA,11_1,10,PORUMAMILLA
11,YSR KADAPA,11_1,15,PRODDUTUR
11,YSR KADAPA,11_1,20,PULIVENDLA
11,YSR KADAPA,11_1,04,RAJU PALEM
11,YSR KADAPA,11_1,06,S MYDUKUR
11,YSR KADAPA,11_1,30,SIDHOUT
11,YSR KADAPA,11_1,18,SIMHADRIPURAM
11,YSR KADAPA,11_1,51,Sri Avadhutha Kasinayana
11,YSR KADAPA,11_1,22,THANDUR
11,YSR KADAPA,11_1,26,VALLUR
11,YSR KADAPA,11_1,23,VEERAPUNAYUNIPALLE
11,YSR KADAPA,11_1,34,VEMPALLE
11,YSR KADAPA,11_1,21,VEMULA
11,YSR KADAPA,11_1,29,VONTIMITTA
11,YSR KADAPA,11_1,24,YERRAGUNTLA
01,SRIKAKULAM,01_1,18,AMADALAVALASA
01,SRIKAKULAM,01_1,11,BURJA
01,SRIKAKULAM,01_1,08,ETCHERLA
01,SRIKAKULAM,01_1,05,GANGUVARI SINGADAM
01,SRIKAKULAM,01_1,20,GARA
01,SRIKAKULAM,01_1,16,HIRAMANDALAM
01,SRIKAKULAM,01_1,37,ICHCHAPURAM
01,SRIKAKULAM,01_1,23,JALUMURU
01,SRIKAKULAM,01_1,35,KANCHILI
01,SRIKAKULAM,01_1,36,KAVITI
01,SRIKAKULAM,01_1,28,KOTABOMMILI
01,SRIKAKULAM,01_1,15,KOTHURU
01,SRIKAKULAM,01_1,06,LAVERU
01,SRIKAKULAM,01_1,38,LNPETA
01,SRIKAKULAM,01_1,33,MANDASA
01,SRIKAKULAM,01_1,26,MEILAPUTTI
01,SRIKAKULAM,01_1,30,NANDIGAM
01,SRIKAKULAM,01_1,22,NARASANNAPETA
01,SRIKAKULAM,01_1,32,PALASA
01,SRIKAKULAM,01_1,25,PATHAPATNAM
01,SRIKAKULAM,01_1,21,POLAKI
01,SRIKAKULAM,01_1,09,PONDURU
01,SRIKAKULAM,01_1,07,RANASTALAM
01,SRIKAKULAM,01_1,29,SANTHABOMMALI
01,SRIKAKULAM,01_1,24,SARAVAKOTA
01,SRIKAKULAM,01_1,17,SARUBUJJILI
01,SRIKAKULAM,01_1,34,SOMPETA
01,SRIKAKULAM,01_1,19,SRIKAKULAM
01,SRIKAKULAM,01_1,27,TEKKALI
01,SRIKAKULAM,01_1,31,VAJRAPUKOTHURU
