SRO_CODE,SRO_NAME
513,ACHANTA
801,ADDANKI
1301,ADONI
514,AKIVIDU
401,ALAMURU
1302,ALLAGADDA
416,ALLAVARAM
901,ALLUR
1303,ALUR
101,AMADALAVALASA
414,AMALAPURAM
719,AMARAVATHI
415,AMBAJIPET
802,AMMANABROLU
707,AMRUTHALURU
301,ANAKAPALLI
319,ANANDAPURAM
1221,ANANTAPUR RURAL
501,ANANTHAPALLI
1220,ANANTHAPUR (R.O)
733,ANANTHAVARAM
417,ANAPARTHI
1304,ASPARI
1305,ATMAKUR
902,ATMAKUR
418,ATREYAPURAM
512,ATTILI
601,AVANIGADDA
1024,B.KOTHAKOTA
1101,BADVEL
1306,BANAGANAPALLI
1323,BANDI ATMAKUR
1001,BANGARUPALEM
613,BANTUMILLY
720,BAPATLA
701,BATTIPROLU
1324,BETAMCHERLA
302,BHEEMUNIPATNAM
502,BHIMADOLE
515,BHIMAVARAM
202,BHOGAPURAM
402,BICCAVOLU
201,BOBBILI
903,BUCHIREDDYPALEM
919,BUJABUJA NELLORE
1201,BUKKAPATNAM
1002,C.G.GALLU
1203,C.K.PALLI
602,CHALLAPALLI
1012,CHANDRAGIRI
702,CHEBROLU
703,CHERUKUPALLI
721,CHILAKALURIPET
1202,CHILAMATHUR
805,CHIMAKURTHY
503,CHINTALAPUDI
203,CHIPURUPALLI
803,CHIRALA
1023,CHITTOOR RURAL
1011,CHITTOOR(R.O)
1102,CHITVEL
303,CHODAVARAM
1117,CUDDAPAH (R.O)
804,CUMBUM
806,DARSI
1204,DHARMAVARAM
1307,DHONE
403,DRAKSHARAMA
704,DUGGIRALA
1115,DUVVUR
314,DWARAKANAGAR
511,ELURU (R.O)
204,GAJAPATHINAGARAM
312,GAJUWAKA
516,GANAPAVARAM
614,GANNAVARAM
807,GIDDALUR
1205,GOOTY
313,GOPALAPATNAM
603,GUDIVADA
1308,GUDUR-Kurnool
904,GUDUR-Nellor
615,GUNADALA
526,GUNIPUDI
1206,GUNTAKAL
722,GURAJALA
715,Guntur (R.O.)
1207,HINDUPUR
102,HIRAMANDALAM
419,I.POLAVARAM
616,IBRAHIMPATNAM
103,ICHAPURAM
905,INDUKURPET
808,INKOLLU
504,J.R.GUDEM
624,JAGGAIAHPET
404,JAGGAMPETA
1103,JAMMALAMADUGU
304,K.KOTAPADU
1013,K.NAGARAM
1118,KADAPA RURAL
1208,KADIRI
420,KADIYAM
604,KAIKALUR
413,KAKINADA(R.O)
724,KAKUMANU
1003,KALIKIRI
1322,KALLUR
1209,KALYANDURG
1104,KAMALAPURAM
506,KAMAVARAPUKOTA
618,KANCHIKACHERLA
809,KANDUKUR
1210,KANEKAL
810,KANIGIRI
617,KANKIPADU
605,KANUMOLE
104,KASIBUGGA
906,KAVALI
606,KAVUTHARAM
1309,KODUMUR
1310,KOILAKUNTLA
705,KOLLURU
706,KOLLIPARA
732,KORETIPADU
422,KORUKONDA
1311,KOSIGI
907,KOTA
105,KOTABOMMALI
305,KOTAURATLA
421,KOTHAPETA
205,KOTHAVALASA
908,KOVUR
505,KOVVUR
723,KROSUR
1004,KUPPAM
1321,KURNOOL(R.O)
206,KURUPAM
1105,LAKKIREDDIPALLY
316,LANKELAPALEM
709,M.V.PALEM
725,MACHERLA
612,MACHILIPATNAM(R.O)
1211,MADAKASIRA
1005,MADANAPALLE
306,MADUGULA
315,MADURAWADA
424,MALIKIPURAM
423,MAMIDIKUDURU
734,MANDADAM
405,MANDAPETA
106,MANDASA
607,MANDAVALLI
708,MANGALAGIRI
811,MARKAPURAM
812,MARTOOR
517,MOGALTHURU
608,MOVVA
1108,MUDDANUR
609,MUDINEPALLI
425,MUMMUDIVARAM
909,MUTHUKUR
1107,MYDUKUR
625,MYLAVARAM
1014,NAGARI
910,NAIDUPET
308,NAKKAPALLI
716,NALLAPADU
619,NANDIGAMA
1312,NANDIKOTKUR
1313,NANDYAL
731,NARASARAOPET (R.O)
107,NARSANNAPET
518,NARSAPUR
307,NARSIPATNAM
207,NELLIMARLA
917,NELLORE (R.O)
507,NIDADAVOLE
628,NUNNA
620,NUZVIDU
818,ONGOLE (R.O)
1319,ORVAKAL
1314,OWK
320,PADERU
1015,PAKALA
519,PALAKOL
108,PALAKONDA
1006,PALAMANER
610,PAMARRU
1213,PAMIDI
1315,PANYAM
815,PARCHUR
208,PARVATHIPURAM
621,PATAMATA
109,PATHAPATNAM
1316,PATHIKONDA
1317,PEAPALLY
317,PEDAGANTYADA
717,PEDAKAKANI
728,PEDAKURAPADU
611,PEDANA
407,PEDDAPURAM
318,PENDURTHI
521,PENTAPADU
520,PENUGONDA
1212,PENUKONDA
726,PHIRANGIPURAM
1016,PICHATUR
432,PIDIMGOYYA
727,PIDUGURALLA
1007,PILER
406,PITHAPURAM
911,PODALAKUR
813,PODILI
508,POLAVARAM
110,PONDURU
710,PONNURU
711,PRATHIPADU
408,PRATHIPADU
1106,PRODDATUR
1109,PULIVENDULA
1110,PULLAMPET
1008,PUNGANUR
1017,PUTTUR
428,RAJAHMUNDRY (R.O)
111,RAJAM
1112,RAJAMPET
427,RAJANAGARAM
409,RAMACHANDRAPURAM
433,RAMPACHODAVARAM
112,RANASTHALAM
912,RAPUR
429,RAVULAPALEM
1111,RAYACHOTI
1214,RAYADURG
426,RAZOLE
1018,RENIGUNTA
712,REPALLI
210,S.KOTA
309,SABBAVARAM
527,SAJJAPURAM
209,SALURU
410,SAMALKOTA
814,SANTANUTHALAPADU
431,SARPAVARAM
1019,SATHYAVEDU
729,SATTENAPALLI
430,SEETHANAGARAM
1113,SIDDOUT
1215,SINGANAMALA
816,SINGARAYAKONDA
1318,SIRVELLA
113,SOMPETA
115,SRIKAKULAM (O.B)
1020,SRIKALAHASTI
918,STONE HOUSEPET
913,SULLURPET
1116,T.SUNDUPALLI
509,TADEPALLIGUDEM
714,TADIKONDA
412,TALLAREVU
1217,TANAKAL
522,TANUKU
114,TEKKALI
713,TENALI
718,TENALI(WEST)
1216,THADIPATRI
1009,THAMBALLAPALLE
211,THERLAM
1021,THOTTAMBEDU
735,THULLURU
1026,TIRUCHANURU
1022,TIRUPATHI (R.0)
1025,TIRUPATHI RURAL
622,TIRUVURU
411,TUNI
914,UDAYAGIRI
523,UNDI
1218,URAVAKONDA
525,VATLUR
1010,VAYALPADU
524,VEERASAVARAM
510,VEGESWARAPURAM
1114,VEMPALLY
915,VENKATAGIRI
213,VIJAYANAGARAM (WEST)
627,VIJAYAWADA
916,VINJAMUR
730,VINUKONDA
311,VISAKHAPATNAM(R.O)
626,VISSANNAPET
212,VIZIANAGARAM (R.O)
623,VUYYURU
1219,YADIKI
310,YELAMANCHILI
1320,YEMMIGANUR
817,YERRAGONDAPALEM
